,0,actual_cs
0, marketing coordinator,Office Manager- Law Firm
1, technician,KITCHEN EXHAUST/HVAC CLEANING TECH/SUPERVISOR/SENIOR/ENTRY LVL $14-20
2, marketing coordinator,Technical SEO Strategist
3, technician,Remote ERP Consultant for Rapidly Growing Medical Device Company
4, administrative assistant,$3000 Career Coaching Scholarship Award / Grant  (Apply)
5, data analyst,Long-term Freelance Market Researcher Needed!
6, event manager,B2B Conference Sales
7, accountant,Account Manager - Account Services
8, restaurant manager,Restaurant Management and Culinary Management Positions
9, cashier,Construction Support Specialist
10, project superintendent,"â¶Hiring: Full-Time Evening Operations Associates, Rinse CHIâ"
11, sale consultant,WAREHOUSE MANAGER!
12, administrative assistant,Immediate Office Work Position- Full Time
13, sale associate,Warehouse Supervisor
14, administrative assistant,Distribution Contractors
15, marketing coordinator,State Farm - Insurance and Bank Representative
16, business development manager,$$$$$$$$$- MAKE OVER $1 MILLION IN A YEAR - $$$$$$$$$
17, driver,Make BIG money with Menards
18, assistant director,Open Positions- FORBES MAGAZINE TOP 25 WORKPLACE -Milwaukee
19, project manager,Construction Project Manager
20, warehouse operative,Station Manager - Courier Operations
21, business analyst,Solutions Supervisor
22, sale associate,Auto Collision General Manager
23,,Operations Supervisor - Dayton Freight Lines
24, administrative assistant,Manager of Sales and Operations (Location Manager)
25, driver,Outside Sales Account Manager
26, leasing marketing manager,Property Manager
27, auto detailer,Area Manager
28, driver,$$$ BUILD YOUR OWN CBD/HEMP OIL BUSINESS - LIFE CHANGING OPPORTUNITY $
29, merchandiser,Competitive & Ambitious Leaders Wanted | Entry Level New Customer Rep
30, supervisor,Operations Manager - Dayton Freight Lines
31, leasing marketing manager,Community Manager-Highland Village 1&2 Apartments
32, auto detailer,Commercial Vehicle Inspector/contractor**
33, sale service representative,Property Manager Position Available
34, driver,Buyer
35, branch manager,District Manager
36, marketing coordinator,Technical SEO Strategist
37, driver,Limited new openings for early 2019.Teach English in China.
38, sale service representative,Property Manager Position Available
39, branch manager,City Manager Needed for Short Term Rental Company
40, management trainee,Part-Time Bookkeeper
41, field technician,Retirees looking for outdoor customer service work
42, field technician,Retirees looking for outdoor customer service work
43, production supervisor,1st Shift - Production Supervisor - Great Company & Benefits
44, marketing coordinator,Business Development Manager
45, field technician,Retirees looking for outdoor customer service work
46, field technician,Retirees looking for outdoor customer service work
47, territory account manager,Ambitious Sales People $75K to $300K
48, driver,B2B Commercial Sales NEEDED!!!
49, leasing marketing manager,Leasing Agent/Assistant Property Manager
50, driver,B2B Commercial Sales NEEDED!!!
51, marketing coordinator,Business Development Manager
52, driver,I'm looking for an investor in my business
53, restaurant manager,Seeking College Student as Assistant
54, maintenance supervisor,Shop Manager - Dayton Freight Lines
55, assistant manager,AR Specialist/Collections
56, sale associate,ââºAPPLY NOWâ GET PAID TO LAUNCH A CAREER â
57, leasing marketing manager,â·â·â· Property Manager (Apartment Community)
58, driver,General Manager / Contractor / Project Manager / Superintendant
59, project manager,Construction Project Manager
60, office manager,Diesel Mechanic - Pays up to $30.00 per hr / Based on Experience
61, data analyst,B2B Events -  Matching & Agenda Manager
62, business development manager,Sales Assistant
63, assistant store manager,Event Coordinator/Concierge
64, administrative assistant,Accounting and Business Manager
65, field technician,Retirees looking for outdoor customer service work
66, recruiter,Gerber Collision - Auto Body General Manager (NW Indiana Market)
67, business development manager,Sales Coordinator
68, driver,B2B Commercial Sales NEEDED!!!
69, business development manager,Sales Assistant
70, driver,Terminal Supervisor
71, business development manager,Sales Assistant
72, business development manager,Sales Coordinator
73, security officer,Part-Time Security Supervisor Needed in Waukegan!
74, territory account manager,Ambitious Sales People $75K to $300K+
75, marketing coordinator,Sales/ Management New Balance Schaumburg
76, business development manager,Sales Coordinator
77,,Operations Supervisor - Dayton Freight Lines
78, business development manager,$$$$$$$$$- MAKE OVER $1 MILLION IN A YEAR - $$$$$$$$$
79, administrative assistant,Claims/Estimator for busy AUTOBODY shop! **GREAT PAY**
80, accountant,Outside Sales Account Manager
81, insurance sale,**Farmers Insurance - No exp required!**
82, site manager,Treetop Adventure Site Manager
83, territory account manager,Ambitious Sales People $75K to $300K+
84, clinical associate,Clinical Research Coordinator
85, maintenance supervisor,Janitorial Equipment Coordinator
86, sale associate,Assistant Manager at Nadeau - Furniture with a Soul
87, manager training,Motivated Floor Manager
88, driver,B2B Commercial Sales NEEDED!!!
89,,Operations Supervisor - Dayton Freight Lines
90, administrative assistant,Get paid for your opinions
91, supervisor,Compliance Operations Manager
92, marketing coordinator,Technical SEO Strategist
93, driver,We are hiring for 2019! Teach English in China. Great package.
94, customer service,$400 to $800 Daily ! - 24 Hr Incoming - Remote Virtual Call Center -
95, warehouse operative,Midwest Goods Inc Distribution Center - Warehouse Manager $59K!!
96, insurance sale,**Farmers Insurance - No exp required!**
97, accountant,Account Manager - Account Services
98, project manager,Landscape Designer/Sales Consultant
99, event manager,Corporate Sales -- Conference -- B2B
100, administrative assistant,Community Outreach Director
101, business development manager,Intercultural Program Manager
102, program manager,Destination Program Manager
103, associate system administrator,Account Management Position
104, communication officer,Exhibitor and Sponsorship Development Coordinator
105, shift supervisor,General Manager
106, driver,B2B Commercial Sales NEEDED!!!
107, maintenance supervisor,Shop Manager - Dayton Freight Lines
108,,Operations Supervisor - Dayton Freight Lines
109, sale associate,"Seek Executive Recruiter, No Experience Necessary"
110, supervisor,Estimator needed for BUSY body shop **Lucrative Pay!**
111, technician,Auto Accessories Store Manager
112, driver,Freight Agents/Fleet Owners - Make the Switch - Join the Best!
113, driver,Category Specialist
114, driver,Freight Agents/Brokers - Make the Change You've Been Contemplating!!!!
115, branch manager,District Manager
116, supervisor,Operations Manager - Dayton Freight Lines
117, supervisor,Operations Manager - Dayton Freight Lines
118, manager,General Manager
119,,Operations Supervisor - Dayton Freight Lines
